{
  "roc_auc": 0.3213136389015786,
  "f1": 0.008870490833826138,
  "accuracy": 0.6959912933067296,
  "precision": 0.004544077552256892,
  "recall": 0.18518518518518517
}