{
  "roc_auc": 0.8215658809079133,
  "f1": 0.5103448275862069
}