{
  "roc_auc": 0.8474736257634647,
  "f1": 0.8235294117647058
}